product_id,product_name,category,subcategory,price,cost
P0001,Phones Item 1,Electronics,Phones,36.5,26.62
P0002,Phones Item 2,Electronics,Phones,21.96,14.7
P0003,Computers Item 3,Electronics,Computers,20.34,8.67
P0004,Audio Item 4,Electronics,Audio,20.34,16.06
P0005,Audio Item 5,Electronics,Audio,86.78,35.52
P0006,Audio Item 6,Electronics,Audio,45.33,37.92
P0007,Phones Item 7,Electronics,Phones,16.85,8.12
P0008,Phones Item 8,Electronics,Phones,37.87,18.27
P0009,Accessories Item 9,Electronics,Accessories,29.77,17.69
P0010,Phones Item 10,Electronics,Phones,5.31,2.82
P0011,Phones Item 11,Electronics,Phones,10.91,5.8
P0012,Phones Item 12,Electronics,Phones,31.54,17.82
P0013,Audio Item 13,Electronics,Audio,79.24,38.82
P0014,Audio Item 14,Electronics,Audio,20.48,12.93
P0015,Phones Item 15,Electronics,Phones,15.87,10.69
P0016,Audio Item 16,Electronics,Audio,26.81,12.78
P0017,Accessories Item 17,Electronics,Accessories,15.17,10.74
P0018,Audio Item 18,Electronics,Audio,19.43,11.62
P0019,Accessories Item 19,Electronics,Accessories,24.27,10.08
P0020,Computers Item 20,Electronics,Computers,10.53,8.52
P0021,Phones Item 21,Electronics,Phones,47.37,25.59
P0022,Audio Item 22,Electronics,Audio,9.24,5.86
P0023,Accessories Item 23,Electronics,Accessories,8.48,7.09
P0024,Computers Item 24,Electronics,Computers,28.72,21.51
P0025,Computers Item 25,Electronics,Computers,44.29,19.48
P0026,Audio Item 26,Electronics,Audio,28.14,13.74
P0027,Audio Item 27,Electronics,Audio,22.36,12.85
P0028,Computers Item 28,Electronics,Computers,19.28,10.07
P0029,Phones Item 29,Electronics,Phones,16.97,8.93
P0030,Phones Item 30,Electronics,Phones,57.15,36.82
P0031,Accessories Item 31,Electronics,Accessories,31.79,13.78
P0032,Phones Item 32,Electronics,Phones,18.03,15.22
P0033,Computers Item 33,Electronics,Computers,14.27,5.74
P0034,Computers Item 34,Electronics,Computers,40.02,30.69
P0035,Computers Item 35,Electronics,Computers,55.97,41.81
P0036,Phones Item 36,Electronics,Phones,51.68,22.39
P0037,Accessories Item 37,Electronics,Accessories,12.54,9.89
P0038,Phones Item 38,Electronics,Phones,19.16,13.04
P0039,Accessories Item 39,Electronics,Accessories,16.72,9.03
P0040,Phones Item 40,Electronics,Phones,21.15,11.55
P0041,Computers Item 41,Electronics,Computers,46.99,37.56
P0042,Computers Item 42,Electronics,Computers,72.6,44.47
P0043,Audio Item 43,Electronics,Audio,32.76,24.32
P0044,Phones Item 44,Electronics,Phones,14.64,9.55
P0045,Phones Item 45,Electronics,Phones,23.84,15.14
P0046,Audio Item 46,Electronics,Audio,85.77,50.81
P0047,Computers Item 47,Electronics,Computers,26.3,14.24
P0048,Phones Item 48,Electronics,Phones,19.31,12.14
P0049,Audio Item 49,Electronics,Audio,20.58,12.03
P0050,Phones Item 50,Electronics,Phones,32.64,24.15
P0051,Accessories Item 51,Electronics,Accessories,12.85,10.52
P0052,Computers Item 52,Electronics,Computers,16.42,12.54
P0053,Accessories Item 53,Electronics,Accessories,51.03,38.87
P0054,Computers Item 54,Electronics,Computers,31.91,15.44
P0055,Audio Item 55,Electronics,Audio,26.51,20.24
P0056,Computers Item 56,Electronics,Computers,53.25,42.77
P0057,Computers Item 57,Electronics,Computers,13.99,7.03
P0058,Audio Item 58,Electronics,Audio,18.88,11.18
P0059,Computers Item 59,Electronics,Computers,31.09,12.53
P0060,Phones Item 60,Electronics,Phones,30.23,19.04
P0061,Audio Item 61,Electronics,Audio,7.91,3.59
P0062,Audio Item 62,Electronics,Audio,17.52,9.67
P0063,Audio Item 63,Electronics,Audio,21.56,13.66
P0064,Accessories Item 64,Electronics,Accessories,33.89,24.28
P0065,Accessories Item 65,Electronics,Accessories,30.15,25.12
P0066,Computers Item 66,Electronics,Computers,23.11,11.86
P0067,Audio Item 67,Electronics,Audio,5.29,2.79
P0068,Computers Item 68,Electronics,Computers,24.02,10.01
P0069,Phones Item 69,Electronics,Phones,25.74,10.89
P0070,Audio Item 70,Electronics,Audio,176.02,92.48
P0071,Phones Item 71,Electronics,Phones,21.03,9.78
P0072,Computers Item 72,Electronics,Computers,31.23,19.37
P0073,Accessories Item 73,Electronics,Accessories,61.21,31.03
P0074,Computers Item 74,Electronics,Computers,44.77,32.58
P0075,Phones Item 75,Electronics,Phones,75.36,51.63
P0076,Audio Item 76,Electronics,Audio,7.99,5.12
P0077,Computers Item 77,Electronics,Computers,11.11,4.65
P0078,Audio Item 78,Electronics,Audio,15.6,10.39
P0079,Accessories Item 79,Electronics,Accessories,7.1,4.9
P0080,Accessories Item 80,Electronics,Accessories,25.92,12.4
P0081,Garden Item 81,Home,Garden,11.76,9.66
P0082,Furniture Item 82,Home,Furniture,84.77,39.15
P0083,Decor Item 83,Home,Decor,13.11,10.7
P0084,Furniture Item 84,Home,Furniture,18.96,15.07
P0085,Furniture Item 85,Home,Furniture,47.03,36.11
P0086,Decor Item 86,Home,Decor,9.16,5.95
P0087,Garden Item 87,Home,Garden,6.78,3.0
P0088,Garden Item 88,Home,Garden,28.44,22.86
P0089,Decor Item 89,Home,Decor,30.2,16.69
P0090,Furniture Item 90,Home,Furniture,45.85,25.55
P0091,Furniture Item 91,Home,Furniture,37.25,29.77
P0092,Garden Item 92,Home,Garden,31.11,23.36
P0093,Kitchen Item 93,Home,Kitchen,14.24,6.73
P0094,Kitchen Item 94,Home,Kitchen,29.54,23.76
P0095,Kitchen Item 95,Home,Kitchen,31.01,12.47
P0096,Furniture Item 96,Home,Furniture,13.85,6.54
P0097,Furniture Item 97,Home,Furniture,109.14,75.68
P0098,Garden Item 98,Home,Garden,35.84,17.95
P0099,Kitchen Item 99,Home,Kitchen,11.25,6.15
P0100,Garden Item 100,Home,Garden,46.05,33.89
P0101,Garden Item 101,Home,Garden,53.02,36.9
P0102,Garden Item 102,Home,Garden,34.13,22.38
P0103,Decor Item 103,Home,Decor,20.16,10.47
P0104,Kitchen Item 104,Home,Kitchen,13.42,6.84
P0105,Kitchen Item 105,Home,Kitchen,23.07,18.49
P0106,Decor Item 106,Home,Decor,32.23,22.05
P0107,Decor Item 107,Home,Decor,24.79,16.35
P0108,Kitchen Item 108,Home,Kitchen,78.48,48.79
P0109,Decor Item 109,Home,Decor,40.47,21.3
P0110,Garden Item 110,Home,Garden,12.36,5.08
P0111,Furniture Item 111,Home,Furniture,10.42,8.58
P0112,Garden Item 112,Home,Garden,36.09,29.93
P0113,Kitchen Item 113,Home,Kitchen,20.52,8.35
P0114,Decor Item 114,Home,Decor,43.43,35.51
P0115,Furniture Item 115,Home,Furniture,35.82,29.86
P0116,Kitchen Item 116,Home,Kitchen,23.14,18.14
P0117,Decor Item 117,Home,Decor,12.46,9.76
P0118,Furniture Item 118,Home,Furniture,7.3,3.96
P0119,Furniture Item 119,Home,Furniture,29.12,23.92
P0120,Decor Item 120,Home,Decor,9.06,6.46
P0121,Furniture Item 121,Home,Furniture,12.1,8.19
P0122,Kitchen Item 122,Home,Kitchen,27.74,23.45
P0123,Decor Item 123,Home,Decor,25.7,20.43
P0124,Garden Item 124,Home,Garden,9.83,7.21
P0125,Kitchen Item 125,Home,Kitchen,58.35,32.78
P0126,Kitchen Item 126,Home,Kitchen,57.0,30.33
P0127,Decor Item 127,Home,Decor,37.04,29.27
P0128,Decor Item 128,Home,Decor,37.0,30.01
P0129,Furniture Item 129,Home,Furniture,37.04,28.12
P0130,Kitchen Item 130,Home,Kitchen,534.96,370.45
P0131,Furniture Item 131,Home,Furniture,52.63,42.13
P0132,Kitchen Item 132,Home,Kitchen,41.31,22.81
P0133,Kitchen Item 133,Home,Kitchen,13.22,8.73
P0134,Garden Item 134,Home,Garden,20.3,8.45
P0135,Kitchen Item 135,Home,Kitchen,156.29,82.67
P0136,Furniture Item 136,Home,Furniture,5.51,3.67
P0137,Furniture Item 137,Home,Furniture,16.82,7.69
P0138,Garden Item 138,Home,Garden,58.62,37.22
P0139,Furniture Item 139,Home,Furniture,13.84,9.42
P0140,Decor Item 140,Home,Decor,42.25,18.52
P0141,Garden Item 141,Home,Garden,25.44,16.37
P0142,Furniture Item 142,Home,Furniture,14.57,10.01
P0143,Furniture Item 143,Home,Furniture,5.0,3.79
P0144,Decor Item 144,Home,Decor,28.48,14.86
P0145,Garden Item 145,Home,Garden,13.01,5.35
P0146,Decor Item 146,Home,Decor,22.38,18.65
P0147,Garden Item 147,Home,Garden,36.74,21.46
P0148,Garden Item 148,Home,Garden,49.04,23.44
P0149,Kitchen Item 149,Home,Kitchen,16.78,10.86
P0150,Furniture Item 150,Home,Furniture,14.55,10.5
P0151,Furniture Item 151,Home,Furniture,8.95,7.43
P0152,Kitchen Item 152,Home,Kitchen,51.13,37.43
P0153,Decor Item 153,Home,Decor,133.98,78.89
P0154,Kitchen Item 154,Home,Kitchen,56.03,28.66
P0155,Furniture Item 155,Home,Furniture,67.59,27.47
P0156,Furniture Item 156,Home,Furniture,13.93,6.3
P0157,Kitchen Item 157,Home,Kitchen,34.99,21.46
P0158,Kitchen Item 158,Home,Kitchen,45.59,20.24
P0159,Kitchen Item 159,Home,Kitchen,5.0,2.39
P0160,Furniture Item 160,Home,Furniture,10.81,6.43
P0161,Men Item 161,Apparel,Men,90.55,62.1
P0162,Men Item 162,Apparel,Men,7.81,3.28
P0163,Kids Item 163,Apparel,Kids,77.71,48.68
P0164,Men Item 164,Apparel,Men,7.78,6.11
P0165,Women Item 165,Apparel,Women,11.19,4.83
P0166,Kids Item 166,Apparel,Kids,35.51,24.47
P0167,Sportswear Item 167,Apparel,Sportswear,25.94,21.35
P0168,Women Item 168,Apparel,Women,18.02,11.87
P0169,Women Item 169,Apparel,Women,87.25,52.89
P0170,Sportswear Item 170,Apparel,Sportswear,9.11,5.88
P0171,Women Item 171,Apparel,Women,21.73,18.09
P0172,Sportswear Item 172,Apparel,Sportswear,39.28,31.71
P0173,Sportswear Item 173,Apparel,Sportswear,30.72,13.27
P0174,Women Item 174,Apparel,Women,14.91,8.1
P0175,Men Item 175,Apparel,Men,15.31,6.94
P0176,Men Item 176,Apparel,Men,48.41,34.54
P0177,Sportswear Item 177,Apparel,Sportswear,50.38,36.82
P0178,Kids Item 178,Apparel,Kids,31.37,23.89
P0179,Sportswear Item 179,Apparel,Sportswear,12.64,9.33
P0180,Sportswear Item 180,Apparel,Sportswear,15.67,11.96
P0181,Sportswear Item 181,Apparel,Sportswear,24.13,13.69
P0182,Men Item 182,Apparel,Men,26.95,20.2
P0183,Men Item 183,Apparel,Men,38.0,29.88
P0184,Men Item 184,Apparel,Men,20.87,12.38
P0185,Sportswear Item 185,Apparel,Sportswear,47.48,21.2
P0186,Kids Item 186,Apparel,Kids,47.03,37.91
P0187,Men Item 187,Apparel,Men,69.71,37.92
P0188,Women Item 188,Apparel,Women,24.95,20.03
P0189,Women Item 189,Apparel,Women,31.8,26.32
P0190,Women Item 190,Apparel,Women,22.11,14.55
P0191,Sportswear Item 191,Apparel,Sportswear,12.75,6.78
P0192,Women Item 192,Apparel,Women,130.83,71.68
P0193,Sportswear Item 193,Apparel,Sportswear,61.96,46.85
P0194,Women Item 194,Apparel,Women,46.22,34.91
P0195,Kids Item 195,Apparel,Kids,24.29,10.35
P0196,Sportswear Item 196,Apparel,Sportswear,11.97,7.75
P0197,Women Item 197,Apparel,Women,53.52,29.86
P0198,Men Item 198,Apparel,Men,21.81,9.87
P0199,Sportswear Item 199,Apparel,Sportswear,34.14,23.15
P0200,Men Item 200,Apparel,Men,15.63,6.96
P0201,Men Item 201,Apparel,Men,29.84,12.91
P0202,Men Item 202,Apparel,Men,16.35,12.59
P0203,Men Item 203,Apparel,Men,16.83,7.37
P0204,Women Item 204,Apparel,Women,29.54,24.93
P0205,Women Item 205,Apparel,Women,7.7,5.9
P0206,Sportswear Item 206,Apparel,Sportswear,7.96,6.58
P0207,Sportswear Item 207,Apparel,Sportswear,13.81,10.35
P0208,Sportswear Item 208,Apparel,Sportswear,20.68,13.47
P0209,Women Item 209,Apparel,Women,48.72,21.93
P0210,Sportswear Item 210,Apparel,Sportswear,21.59,13.42
P0211,Men Item 211,Apparel,Men,24.17,10.28
P0212,Women Item 212,Apparel,Women,19.47,8.83
P0213,Sportswear Item 213,Apparel,Sportswear,31.76,23.37
P0214,Men Item 214,Apparel,Men,12.66,8.39
P0215,Sportswear Item 215,Apparel,Sportswear,22.49,11.89
P0216,Kids Item 216,Apparel,Kids,33.83,26.76
P0217,Sportswear Item 217,Apparel,Sportswear,29.35,12.71
P0218,Kids Item 218,Apparel,Kids,24.78,16.09
P0219,Sportswear Item 219,Apparel,Sportswear,25.02,17.09
P0220,Sportswear Item 220,Apparel,Sportswear,36.54,26.06
P0221,Women Item 221,Apparel,Women,137.35,91.06
P0222,Women Item 222,Apparel,Women,13.28,10.7
P0223,Kids Item 223,Apparel,Kids,141.44,74.23
P0224,Women Item 224,Apparel,Women,12.85,6.23
P0225,Men Item 225,Apparel,Men,5.0,3.31
P0226,Men Item 226,Apparel,Men,16.11,7.01
P0227,Kids Item 227,Apparel,Kids,32.25,17.39
P0228,Men Item 228,Apparel,Men,110.05,84.32
P0229,Men Item 229,Apparel,Men,11.96,9.69
P0230,Sportswear Item 230,Apparel,Sportswear,36.36,28.0
P0231,Women Item 231,Apparel,Women,8.53,6.99
P0232,Men Item 232,Apparel,Men,106.18,83.85
P0233,Men Item 233,Apparel,Men,63.03,53.21
P0234,Women Item 234,Apparel,Women,16.86,7.89
P0235,Men Item 235,Apparel,Men,6.23,5.21
P0236,Men Item 236,Apparel,Men,72.46,56.44
P0237,Women Item 237,Apparel,Women,22.38,13.13
P0238,Sportswear Item 238,Apparel,Sportswear,66.04,34.54
P0239,Men Item 239,Apparel,Men,24.64,18.38
P0240,Women Item 240,Apparel,Women,25.47,21.02
P0241,Hair Item 241,Beauty,Hair,17.11,10.31
P0242,Hair Item 242,Beauty,Hair,40.38,18.5
P0243,Skincare Item 243,Beauty,Skincare,27.01,13.58
P0244,Hair Item 244,Beauty,Hair,37.02,26.0
P0245,Skincare Item 245,Beauty,Skincare,7.19,3.24
P0246,Makeup Item 246,Beauty,Makeup,68.18,47.88
P0247,Hair Item 247,Beauty,Hair,84.85,53.8
P0248,Hair Item 248,Beauty,Hair,26.91,21.08
P0249,Hair Item 249,Beauty,Hair,127.56,101.35
P0250,Hair Item 250,Beauty,Hair,99.91,58.1
P0251,Makeup Item 251,Beauty,Makeup,41.11,29.47
P0252,Makeup Item 252,Beauty,Makeup,73.33,36.36
P0253,Skincare Item 253,Beauty,Skincare,57.21,32.98
P0254,Hair Item 254,Beauty,Hair,6.01,3.59
P0255,Hair Item 255,Beauty,Hair,19.78,12.49
P0256,Makeup Item 256,Beauty,Makeup,43.56,32.79
P0257,Skincare Item 257,Beauty,Skincare,90.28,71.15
P0258,Makeup Item 258,Beauty,Makeup,8.13,6.73
P0259,Makeup Item 259,Beauty,Makeup,6.28,3.81
P0260,Skincare Item 260,Beauty,Skincare,23.47,19.74
P0261,Hair Item 261,Beauty,Hair,5.0,3.43
P0262,Hair Item 262,Beauty,Hair,22.84,11.6
P0263,Makeup Item 263,Beauty,Makeup,32.89,15.85
P0264,Makeup Item 264,Beauty,Makeup,11.57,6.43
P0265,Makeup Item 265,Beauty,Makeup,23.33,16.34
P0266,Skincare Item 266,Beauty,Skincare,52.67,25.15
P0267,Skincare Item 267,Beauty,Skincare,16.05,7.7
P0268,Makeup Item 268,Beauty,Makeup,13.01,5.72
P0269,Hair Item 269,Beauty,Hair,22.52,11.1
P0270,Hair Item 270,Beauty,Hair,10.72,6.05
P0271,Skincare Item 271,Beauty,Skincare,118.13,49.34
P0272,Skincare Item 272,Beauty,Skincare,25.23,19.17
P0273,Hair Item 273,Beauty,Hair,14.02,11.12
P0274,Skincare Item 274,Beauty,Skincare,29.11,23.71
P0275,Hair Item 275,Beauty,Hair,22.42,17.1
P0276,Makeup Item 276,Beauty,Makeup,20.56,15.15
P0277,Skincare Item 277,Beauty,Skincare,16.05,9.1
P0278,Makeup Item 278,Beauty,Makeup,15.48,9.57
P0279,Skincare Item 279,Beauty,Skincare,7.3,4.44
P0280,Skincare Item 280,Beauty,Skincare,73.22,53.92
P0281,Makeup Item 281,Beauty,Makeup,38.91,24.52
P0282,Makeup Item 282,Beauty,Makeup,31.47,20.12
P0283,Skincare Item 283,Beauty,Skincare,22.15,14.17
P0284,Makeup Item 284,Beauty,Makeup,11.42,5.81
P0285,Hair Item 285,Beauty,Hair,13.4,5.48
P0286,Hair Item 286,Beauty,Hair,7.86,4.28
P0287,Makeup Item 287,Beauty,Makeup,14.63,6.64
P0288,Hair Item 288,Beauty,Hair,10.33,8.27
P0289,Hair Item 289,Beauty,Hair,94.61,71.44
P0290,Hair Item 290,Beauty,Hair,49.67,31.01
P0291,Skincare Item 291,Beauty,Skincare,26.1,17.33
P0292,Hair Item 292,Beauty,Hair,12.32,9.06
P0293,Hair Item 293,Beauty,Hair,10.7,5.65
P0294,Makeup Item 294,Beauty,Makeup,21.07,11.87
P0295,Hair Item 295,Beauty,Hair,51.47,28.84
P0296,Skincare Item 296,Beauty,Skincare,113.02,95.38
P0297,Skincare Item 297,Beauty,Skincare,8.01,3.57
P0298,Makeup Item 298,Beauty,Makeup,38.49,18.04
P0299,Skincare Item 299,Beauty,Skincare,14.58,7.06
P0300,Skincare Item 300,Beauty,Skincare,16.61,8.77
P0301,Hair Item 301,Beauty,Hair,25.5,14.91
P0302,Hair Item 302,Beauty,Hair,12.62,10.63
P0303,Skincare Item 303,Beauty,Skincare,20.26,16.94
P0304,Makeup Item 304,Beauty,Makeup,11.87,9.37
P0305,Makeup Item 305,Beauty,Makeup,15.47,7.38
P0306,Hair Item 306,Beauty,Hair,44.89,31.46
P0307,Skincare Item 307,Beauty,Skincare,26.56,17.46
P0308,Hair Item 308,Beauty,Hair,44.75,23.54
P0309,Makeup Item 309,Beauty,Makeup,14.44,7.88
P0310,Skincare Item 310,Beauty,Skincare,38.72,22.9
P0311,Hair Item 311,Beauty,Hair,6.67,3.01
P0312,Hair Item 312,Beauty,Hair,25.49,17.2
P0313,Makeup Item 313,Beauty,Makeup,40.89,19.2
P0314,Hair Item 314,Beauty,Hair,6.49,4.0
P0315,Makeup Item 315,Beauty,Makeup,14.56,8.03
P0316,Makeup Item 316,Beauty,Makeup,25.48,11.73
P0317,Skincare Item 317,Beauty,Skincare,54.87,28.24
P0318,Skincare Item 318,Beauty,Skincare,15.46,10.93
P0319,Hair Item 319,Beauty,Hair,37.48,22.95
P0320,Makeup Item 320,Beauty,Makeup,77.73,45.5
P0321,Outdoor Item 321,Sports,Outdoor,38.93,30.12
P0322,Fitness Item 322,Sports,Fitness,20.85,17.39
P0323,Fitness Item 323,Sports,Fitness,33.01,27.14
P0324,Outdoor Item 324,Sports,Outdoor,15.13,7.29
P0325,Fitness Item 325,Sports,Fitness,26.29,17.31
P0326,Cycling Item 326,Sports,Cycling,21.66,16.87
P0327,Outdoor Item 327,Sports,Outdoor,32.14,15.77
P0328,Fitness Item 328,Sports,Fitness,17.65,8.36
P0329,Cycling Item 329,Sports,Cycling,33.63,23.52
P0330,Outdoor Item 330,Sports,Outdoor,17.52,11.13
P0331,Cycling Item 331,Sports,Cycling,49.25,28.4
P0332,Cycling Item 332,Sports,Cycling,18.9,14.51
P0333,Outdoor Item 333,Sports,Outdoor,5.0,3.04
P0334,Cycling Item 334,Sports,Cycling,10.95,5.87
P0335,Fitness Item 335,Sports,Fitness,24.9,12.56
P0336,Fitness Item 336,Sports,Fitness,93.8,75.49
P0337,Fitness Item 337,Sports,Fitness,47.63,38.48
P0338,Cycling Item 338,Sports,Cycling,5.0,3.4
P0339,Fitness Item 339,Sports,Fitness,7.52,3.48
P0340,Cycling Item 340,Sports,Cycling,61.25,46.39
P0341,Fitness Item 341,Sports,Fitness,40.7,32.65
P0342,Outdoor Item 342,Sports,Outdoor,150.89,113.9
P0343,Cycling Item 343,Sports,Cycling,16.99,8.7
P0344,Cycling Item 344,Sports,Cycling,12.43,9.13
P0345,Fitness Item 345,Sports,Fitness,25.98,19.31
P0346,Outdoor Item 346,Sports,Outdoor,16.74,13.3
P0347,Fitness Item 347,Sports,Fitness,56.26,25.3
P0348,Fitness Item 348,Sports,Fitness,16.31,12.74
P0349,Outdoor Item 349,Sports,Outdoor,19.77,15.0
P0350,Outdoor Item 350,Sports,Outdoor,11.21,5.24
P0351,Fitness Item 351,Sports,Fitness,44.95,32.54
P0352,Outdoor Item 352,Sports,Outdoor,11.73,8.08
P0353,Fitness Item 353,Sports,Fitness,34.15,17.53
P0354,Cycling Item 354,Sports,Cycling,110.11,61.17
P0355,Fitness Item 355,Sports,Fitness,5.91,3.59
P0356,Cycling Item 356,Sports,Cycling,81.19,67.09
P0357,Fitness Item 357,Sports,Fitness,30.69,19.26
P0358,Outdoor Item 358,Sports,Outdoor,9.97,6.73
P0359,Cycling Item 359,Sports,Cycling,26.78,19.11
P0360,Outdoor Item 360,Sports,Outdoor,43.84,35.74
P0361,Cycling Item 361,Sports,Cycling,13.03,8.59
P0362,Cycling Item 362,Sports,Cycling,35.77,24.07
P0363,Fitness Item 363,Sports,Fitness,87.76,72.0
P0364,Fitness Item 364,Sports,Fitness,16.3,13.31
P0365,Fitness Item 365,Sports,Fitness,11.12,9.38
P0366,Fitness Item 366,Sports,Fitness,22.18,17.25
P0367,Outdoor Item 367,Sports,Outdoor,25.65,17.08
P0368,Fitness Item 368,Sports,Fitness,58.87,34.12
P0369,Fitness Item 369,Sports,Fitness,21.62,16.46
P0370,Cycling Item 370,Sports,Cycling,17.44,7.01
P0371,Outdoor Item 371,Sports,Outdoor,10.92,7.01
P0372,Outdoor Item 372,Sports,Outdoor,6.53,5.31
P0373,Cycling Item 373,Sports,Cycling,8.74,6.4
P0374,Cycling Item 374,Sports,Cycling,8.71,5.26
P0375,Fitness Item 375,Sports,Fitness,19.93,9.24
P0376,Outdoor Item 376,Sports,Outdoor,7.37,3.53
P0377,Fitness Item 377,Sports,Fitness,5.0,4.06
P0378,Cycling Item 378,Sports,Cycling,23.49,13.23
P0379,Fitness Item 379,Sports,Fitness,107.68,43.71
P0380,Outdoor Item 380,Sports,Outdoor,60.42,42.21
P0381,Fitness Item 381,Sports,Fitness,19.78,8.67
P0382,Outdoor Item 382,Sports,Outdoor,10.12,8.59
P0383,Fitness Item 383,Sports,Fitness,192.23,82.69
P0384,Fitness Item 384,Sports,Fitness,25.72,18.97
P0385,Outdoor Item 385,Sports,Outdoor,28.75,14.15
P0386,Outdoor Item 386,Sports,Outdoor,21.86,10.62
P0387,Outdoor Item 387,Sports,Outdoor,23.9,15.63
P0388,Fitness Item 388,Sports,Fitness,15.88,6.82
P0389,Fitness Item 389,Sports,Fitness,20.01,12.73
P0390,Fitness Item 390,Sports,Fitness,81.71,48.89
P0391,Cycling Item 391,Sports,Cycling,66.48,31.24
P0392,Fitness Item 392,Sports,Fitness,5.0,2.41
P0393,Outdoor Item 393,Sports,Outdoor,7.96,5.49
P0394,Outdoor Item 394,Sports,Outdoor,13.17,7.69
P0395,Outdoor Item 395,Sports,Outdoor,51.86,21.38
P0396,Fitness Item 396,Sports,Fitness,67.85,33.92
P0397,Outdoor Item 397,Sports,Outdoor,43.7,17.87
P0398,Outdoor Item 398,Sports,Outdoor,9.94,4.44
P0399,Cycling Item 399,Sports,Cycling,16.13,11.19
P0400,Cycling Item 400,Sports,Cycling,36.29,18.41
